{
  "win_model": {
    "auc_roc": 0.9643,
    "brier_score_raw": 0.0745,
    "brier_score_calibrated": 0.0773,
    "operating_threshold": 0.45,
    "confusion_matrix": [
      [
        7,
        0
      ],
      [
        1,
        3
      ]
    ],
    "classification_report": {
      "0": {
        "precision": 0.875,
        "recall": 1.0,
        "f1-score": 0.9333333333333333,
        "support": 7.0
      },
      "1": {
        "precision": 1.0,
        "recall": 0.75,
        "f1-score": 0.8571428571428571,
        "support": 4.0
      },
      "accuracy": 0.9090909090909091,
      "macro avg": {
        "precision": 0.9375,
        "recall": 0.875,
        "f1-score": 0.8952380952380952,
        "support": 11.0
      },
      "weighted avg": {
        "precision": 0.9204545454545454,
        "recall": 0.9090909090909091,
        "f1-score": 0.9056277056277057,
        "support": 11.0
      }
    }
  },
  "risk_model": {
    "auc_roc": 0.5,
    "brier_score": 0.2226,
    "operating_threshold": 0.5,
    "optimal_threshold": 0.686,
    "confusion_matrix": [
      [
        0,
        5
      ],
      [
        0,
        10
      ]
    ],
    "classification_report": {
      "0": {
        "precision": 0.0,
        "recall": 0.0,
        "f1-score": 0.0,
        "support": 5.0
      },
      "1": {
        "precision": 0.6666666666666666,
        "recall": 1.0,
        "f1-score": 0.8,
        "support": 10.0
      },
      "accuracy": 0.6666666666666666,
      "macro avg": {
        "precision": 0.3333333333333333,
        "recall": 0.5,
        "f1-score": 0.4,
        "support": 15.0
      },
      "weighted avg": {
        "precision": 0.4444444444444444,
        "recall": 0.6666666666666666,
        "f1-score": 0.5333333333333333,
        "support": 15.0
      }
    }
  }
}